{
    "version": "7.6.0",
    "summary": "Material Design Lite port to Elm",
    "repository": "https://github.com/debois/elm-mdl.git",
    "license": "Apache License, version 2.0",
    "source-directories": [
        "src"
    ],
    "exposed-modules": [
        "Material",
        "Material.Badge",
        "Material.Button",
        "Material.Card",
        "Material.Chip",
        "Material.Color",
        "Material.Dialog",
        "Material.Elevation",
        "Material.Footer",
        "Material.Grid",
        "Material.Helpers",
        "Material.Icon",
        "Material.List",
        "Material.Layout",
        "Material.Menu",
        "Material.Options",
        "Material.Progress",
        "Material.Scheme",
        "Material.Snackbar",
        "Material.Spinner",
        "Material.Slider",
        "Material.Table",
        "Material.Tooltip",
        "Material.Toggles",
        "Material.Tabs",
        "Material.Typography",
        "Material.Textfield"
    ],
    "dependencies": {
        "debois/elm-dom": "1.2.0 <= v < 2.0.0",
        "debois/elm-parts": "4.0.0 <= v < 5.0.0",
        "elm-lang/core": "4.0.0 <= v < 5.0.0",
        "elm-lang/html": "1.1.0 <= v < 2.0.0",
        "elm-lang/mouse": "1.0.0 <= v < 2.0.0",
        "elm-lang/window": "1.0.0 <= v < 2.0.0"
    },
    "elm-version": "0.17.1 <= v < 0.18.0"
}
