{
    "version": "4.0.5",
    "summary": "Elm's standard libraries",
    "repository": "http://github.com/elm-lang/core.git",
    "license": "BSD3",
    "source-directories": [
        "src"
    ],
    "exposed-modules": [
        "Array",
        "Basics",
        "Bitwise",
        "Char",
        "Color",
        "Date",
        "Debug",
        "Dict",
        "Json.Decode",
        "Json.Encode",
        "List",
        "Maybe",
        "Platform",
        "Platform.Cmd",
        "Platform.Sub",
        "Process",
        "Random",
        "Regex",
        "Result",
        "Set",
        "String",
        "Task",
        "Time"
    ],
    "native-modules": true,
    "dependencies": {},
    "elm-version": "0.17.0 <= v < 0.18.0"
}
